File,Similarity
28.docx,0.92241025
28.png,0.92241025
9.docx,0.92241025
9.png,0.92241025
137.docx,0.91439825
